facility_code,facility_name,market,campus_name,address_raw,it_area_sqft,critical_it_mw,onsite_carriers,detail_url,market_url,fetched_at,capacity_density_w_per_sqft
ACT1,Waco Data Center,waco,,"700 Austin Avenue - Waco, TX 76701",14210,0.8,12,https://www.databank.com/data-centers/waco/waco-700-austin-avenue/,https://www.databank.com/data-centers/waco/,2026-09-18T08:19:10.679689Z,56.29838142153413
ATL1,Midtown Atlanta Data Center,atlanta,,"760 W Peachtree St NW - Atlanta, GA 30308",38260,7.1,8,https://www.databank.com/data-centers/atlanta/760-peachtree-street/,https://www.databank.com/data-centers/atlanta/,2026-09-18T08:17:52.142706Z,185.57239937271302
ATL2,Atlanta West End Data Center,atlanta,,"1100 White Street Southwest - Atlanta, GA 30310",52610,4.0,19,https://www.databank.com/data-centers/atlanta/1100-white-street-southwest/,https://www.databank.com/data-centers/atlanta/,2026-09-18T08:17:53.156487Z,76.03117278084015
ATL3,Atlanta West End Data Center,atlanta,,"1150 White Street Southwest - Atlanta, GA 30310",47490,6.0,19,https://www.databank.com/data-centers/atlanta/1150-white-street-southwest/,https://www.databank.com/data-centers/atlanta/,2026-09-18T08:17:54.149143Z,126.34238787113077
ATL4,South Fulton Data Center,atlanta,,"200 Selig Dr SW - Atlanta, GA 30336",212710,40.0,2,https://www.databank.com/data-centers/atlanta/200-selig-dr-sw/,https://www.databank.com/data-centers/atlanta/,2026-09-18T08:17:55.167008Z,188.0494570071929
ATL5,Lithia Springs Campus Data Center,atlanta,Lithia Springs Campus,"4764 Bakers Ferry Rd. SW - South Fulton, GA 30336",160200,48.0,1,https://www.databank.com/data-centers/atlanta/lithia-springs/4764-bakers-ferry-rd/,https://www.databank.com/data-centers/atlanta/,2026-09-18T08:17:50.141527Z,299.62546816479403
ATL6,Lithia Springs Campus Data Center,atlanta,Lithia Springs Campus,"4764 Bakers Ferry Rd. SW - South Fulton, GA 30336",240000,72.0,1,https://www.databank.com/data-centers/atlanta/lithia-springs/atl6/,https://www.databank.com/data-centers/atlanta/,2026-09-18T08:17:51.195318Z,300.0
AUS1,Austin Data Center,austin,,"7218 McNeil Dr Suite #300 - Austin, TX 78729",7870,0.405,6,https://www.databank.com/data-centers/austin/austin/,https://www.databank.com/data-centers/austin/,2026-09-18T08:17:56.986203Z,51.46124523506989
BOS1,Downtown Boston Data Center,boston,,"1 Summer Street Suite #704 - Boston, MA 02110",7760,0.5,5,https://www.databank.com/data-centers/boston/1-summer-street/,https://www.databank.com/data-centers/boston/,2026-09-18T08:17:57.844786Z,64.43298969072166
CLE1,Downtown Cleveland Data Center,cleveland,,"1255 Euclid Ave Suite #200 - Cleveland, OH 44115",7440,0.4,13,https://www.databank.com/data-centers/cleveland/1255-euclid-ave/,https://www.databank.com/data-centers/cleveland/,2026-09-18T08:18:03.003640Z,53.763440860215056
DEN1,Englewood Data Center,denver,,"393 Inverness Parkway - Englewood, CO 80112",24180,2.0,10,https://www.databank.com/data-centers/denver/englewood/,https://www.databank.com/data-centers/denver/,2026-09-18T08:18:18.171299Z,82.71298593879239
DEN2,Centennial Data Center,denver,Centennial Campus,"6900 South Peoria Street - Centennial, CO 80112",31510,4.0,12,https://www.databank.com/data-centers/denver/centennial-campus/centennial/,https://www.databank.com/data-centers/denver/,2026-09-18T08:18:16.410850Z,126.94382735639479
DEN3,Downtown Denver Data Center,denver,,"1500 Champa Street - Denver, CO 80202",16100,2.0,15,https://www.databank.com/data-centers/denver/1500-champa-street/,https://www.databank.com/data-centers/denver/,2026-09-18T08:18:19.262073Z,124.22360248447205
DEN4,Westminster Data Center,denver,,"7579 W. 103rd Avenue - Westminster, CO 80021",9890,0.5,3,https://www.databank.com/data-centers/denver/westminster/,https://www.databank.com/data-centers/denver/,2026-09-18T08:18:20.304141Z,50.55611729019211
DEN5,Centennial II Data Center,denver,Centennial Campus,"6961 S. Quentin Street - Centennial, CO 80112",56000,16.0,12,https://www.databank.com/data-centers/denver/centennial-campus/den5/,https://www.databank.com/data-centers/denver/,2026-09-18T08:18:17.343104Z,285.7142857142857
DFW1,Downtown Dallas Data Center,dallas,,"400 South Akard - Dallas, TX 75202",145250,7.0,46,https://www.databank.com/data-centers/dallas/400-south-akard/,https://www.databank.com/data-centers/dallas/,2026-09-18T08:18:10.043033Z,48.19277108433735
DFW10,Red Oak Data Center,dallas,Red Oak Campus,"3330 Batchler Rd. - Red Oak, TX 75154",200000,60.0,,https://www.databank.com/data-centers/dallas/red-oak-campus/dfw10/,https://www.databank.com/data-centers/dallas/,2026-09-18T08:18:07.160627Z,300.0
DFW11,Red Oak Data Center,dallas,Red Oak Campus,"3320 Batchler Rd. - Red Oak, TX 75154",200000,60.0,,https://www.databank.com/data-centers/dallas/red-oak-campus/dfw11/,https://www.databank.com/data-centers/dallas/,2026-09-18T08:18:08.091202Z,300.0
DFW12,Red Oak Data Center,dallas,Red Oak Campus,"3440 Batchler Rd. - Red Oak, TX 75154",200000,60.0,,https://www.databank.com/data-centers/dallas/red-oak-campus/dfw12/,https://www.databank.com/data-centers/dallas/,2026-09-18T08:18:09.119125Z,300.0
DFW2,North Dallas Data Center,dallas,,"904 Quality Way - Richardson, TX 75081",41310,4.3,47,https://www.databank.com/data-centers/dallas/richardson/,https://www.databank.com/data-centers/dallas/,2026-09-18T08:18:11.057144Z,104.09101912369886
DFW3,Plano Data Center,dallas,Plano Campus,"8375 Dominion Pkwy - Plano, TX 75024",72230,12.0,47,https://www.databank.com/data-centers/dallas/plano-campus/plano-data-center/,https://www.databank.com/data-centers/dallas/,2026-09-18T08:18:03.901350Z,166.13595458950576
DFW4,Dallas Empire Central Data Center,dallas,,"1100 Empire Central Place - Dallas, TX 75247",35900,4.0,6,https://www.databank.com/data-centers/dallas/1100-empire-central-place/,https://www.databank.com/data-centers/dallas/,2026-09-18T08:18:11.991733Z,111.42061281337047
DFW5,Dallas Infomart Data Center,dallas,,"1950 North Stemmons Freeway Suite #4006 - Dallas, TX 75207",17320,1.3,47,https://www.databank.com/data-centers/dallas/1950-north-stemmons-freeway/,https://www.databank.com/data-centers/dallas/,2026-09-18T08:18:13.116826Z,75.05773672055427
DFW6,Dallas Love Field Data Center,dallas,,"8600 Harry Hines Boulevard Suite #200 - Dallas, TX 75207",12560,0.675,7,https://www.databank.com/data-centers/dallas/love-field/,https://www.databank.com/data-centers/dallas/,2026-09-18T08:18:14.043425Z,53.74203821656051
DFW7,Dallas LBJ Data Center,dallas,,"6606 LBJ Freeway Suite #145 - Dallas, TX 75240",16070,0.94,39,https://www.databank.com/data-centers/dallas/lbj-freeway/,https://www.databank.com/data-centers/dallas/,2026-09-18T08:18:15.328545Z,58.49408836341008
DFW8,Plano Data Center,dallas,Plano Campus,"8375 Dominion Pkwy - Plano, TX 75024",126000,40.0,47,https://www.databank.com/data-centers/dallas/plano-campus/dfw8/,https://www.databank.com/data-centers/dallas/,2026-09-18T08:18:04.967946Z,317.46031746031747
DFW9,Red Oak Data Center,dallas,Red Oak Campus,"3080 Batchler Rd. - Red Oak, TX 75154",200000,60.0,1,https://www.databank.com/data-centers/dallas/red-oak-campus/dfw9/,https://www.databank.com/data-centers/dallas/,2026-09-18T08:18:05.851473Z,300.0
EWR1,Downtown Newark Data Center,new-jersey,,"165 Halsey Street Suite #500 - Newark, NJ 07102",34360,1.7,21,https://www.databank.com/data-centers/new-jersey/newark-165-halsey-street-suite/,https://www.databank.com/data-centers/new-jersey/,2026-09-18T08:18:44.342173Z,49.47613504074505
EWR2,Piscataway Data Center,new-jersey,,"25 Corporate Place South - Piscataway, NJ 08854",22590,3.0,9,https://www.databank.com/data-centers/new-jersey/piscataway/,https://www.databank.com/data-centers/new-jersey/,2026-09-18T08:18:45.219322Z,132.80212483399734
HOU1,Westway Park I Data Center,houston,Westway Park Campus,"5150 Westway Park Blvd - Houston, TX 77041",110190,15.6,40,https://www.databank.com/data-centers/houston/westway-park-campus/5150-westway-park-blvd/,https://www.databank.com/data-centers/houston/,2026-09-18T08:18:22.345380Z,141.57364552137219
HOU2,Westway Park II Data Center,houston,Westway Park Campus,"5170 Westway Park Blvd - Houston, TX 77041",79520,9.0,40,https://www.databank.com/data-centers/houston/westway-park-campus/5170-westway-park-blvd/,https://www.databank.com/data-centers/houston/,2026-09-18T08:18:23.718275Z,113.17907444668008
HOU3,Westway Park III Data Center,houston,Westway Park Campus,"11003 Corporate Centre Dr. - Houston, TX 77041",41860,6.5,40,https://www.databank.com/data-centers/houston/westway-park-campus/11003-corporate-centre-dr/,https://www.databank.com/data-centers/houston/,2026-09-18T08:18:24.476930Z,155.27950310559007
HOU5,Houston Galleria Data Center,houston,,"4201 Southwest Freeway - Houston, TX 77027",64400,5.25,40,https://www.databank.com/data-centers/houston/4201-southwest-freeway/,https://www.databank.com/data-centers/houston/,2026-09-18T08:18:25.541545Z,81.52173913043478
IAD1,Ashburn Campus Data Center,northern-virginia,Ashburn Campus,"21635 Red Rum Drive - Ashburn, VA 20147",85330,9.9,18,https://www.databank.com/data-centers/northern-virginia/ashburn-campus/ashburn/,https://www.databank.com/data-centers/northern-virginia/,2026-09-18T08:18:50.250669Z,116.02015703738428
IAD2,McLean Data Center,northern-virginia,,"1764A Old Meadow Lane - McLean, VA 22102",40690,3.0,8,https://www.databank.com/data-centers/northern-virginia/mclean/,https://www.databank.com/data-centers/northern-virginia/,2026-09-18T08:18:55.270202Z,73.72818874416319
IAD3,Ashburn Campus Data Center,northern-virginia,Ashburn Campus,"21630 Red Rum Drive - Ashburn, VA 20147",200000,40.0,18,https://www.databank.com/data-centers/northern-virginia/ashburn-campus/iad3/,https://www.databank.com/data-centers/northern-virginia/,2026-09-18T08:18:50.488700Z,200.0
IAD4,Ashburn Campus Data Center,northern-virginia,Ashburn Campus,"21625 Red Rum Drive - Ashburn, VA 20147",70000,20.0,17,https://www.databank.com/data-centers/northern-virginia/ashburn-campus/iad4/,https://www.databank.com/data-centers/northern-virginia/,2026-09-18T08:18:52.336281Z,285.7142857142857
IAD5,Culpeper Campus Data Center,northern-virginia,Culpeper Campus,"14601 Germanna Hwy - Culpeper, VA 22701",229932,72.0,,https://www.databank.com/data-centers/northern-virginia/culpeper-campus/iad5/,https://www.databank.com/data-centers/northern-virginia/,2026-09-18T08:18:53.291776Z,313.1360576170346
IAD6,Culpeper Campus Data Center,northern-virginia,Culpeper Campus,"14601 Germanna Hwy - Culpeper, VA 22701",383220,120.0,,https://www.databank.com/data-centers/northern-virginia/culpeper-campus/iad6/,https://www.databank.com/data-centers/northern-virginia/,2026-09-18T08:18:54.279444Z,313.1360576170346
IND1,Downtown Indianapolis Data Center,indianapolis,,"731 West Henry Street - Indianapolis, IN 46225",16950,2.1,19,https://www.databank.com/data-centers/indianapolis/731-west-henry-street/,https://www.databank.com/data-centers/indianapolis/,2026-09-18T08:18:26.656085Z,123.89380530973452
IND2,Downtown Indianapolis Data Center,indianapolis,,"650 West Henry Street - Indianapolis, IN 46225",31080,3.75,19,https://www.databank.com/data-centers/indianapolis/650-west-henry-street/,https://www.databank.com/data-centers/indianapolis/,2026-09-18T08:18:27.603129Z,120.65637065637065
LAS1,Las Vegas Data Center,las-vegas,,"7185 Pollock Drive - Las Vegas, NV 89119",57364,3.35,11,https://www.databank.com/data-centers/las-vegas/7185-pollock-drive/,https://www.databank.com/data-centers/las-vegas/,2026-09-18T08:18:33.256752Z,58.39899588592149
LAX1,Los Angeles One Wilshire Data Center,los-angeles,,"624 South Grand Avenue Suite #2900 - Los Angeles, CA 90017",18480,2.0,11,https://www.databank.com/data-centers/los-angeles/624-south-grand-avenue/,https://www.databank.com/data-centers/los-angeles/,2026-09-18T08:18:35.308215Z,108.22510822510823
LAX2,Los Angeles Vernon Data Center,los-angeles,,"3094 E. Vernon Avenue - Vernon, CA 90058",131000,32.0,,https://www.databank.com/data-centers/los-angeles/los-angeles-vernon-data-center/,https://www.databank.com/data-centers/los-angeles/,2026-09-18T08:18:36.542100Z,244.27480916030535
LGA1,Downtown New York City Data Center,new-york-city,,"60 Hudson Street Suite #1903 - New York City, NY 10013",23940,0.74,92,https://www.databank.com/data-centers/new-york-city/hudson-street/,https://www.databank.com/data-centers/new-york-city/,2026-09-18T08:18:48.248392Z,30.91060985797828
LGA2,Downtown New York City Data Center,new-york-city,,"111 Eighth Ave Suite #311A - New York City, NY 10011",10200,0.68,50,https://www.databank.com/data-centers/new-york-city/eighth-avenue/,https://www.databank.com/data-centers/new-york-city/,2026-09-18T08:18:49.243578Z,66.66666666666667
LGA3,Orangeburg Data Center,new-york-city,Orangeburg Campus,"2000 Corporate Dr. - Orangeburg, NY 10962",110000,20.0,8,https://www.databank.com/data-centers/new-york-city/orangeburg-campus/lga3/,https://www.databank.com/data-centers/new-york-city/,2026-09-18T08:18:46.193323Z,181.8181818181818
LGA4,Orangeburg Data Center,new-york-city,Orangeburg Campus,"2000 Corporate Dr. - Orangeburg, NY 10962",55000,10.0,8,https://www.databank.com/data-centers/new-york-city/orangeburg-campus/lga4/,https://www.databank.com/data-centers/new-york-city/,2026-09-18T08:18:47.316363Z,181.8181818181818
LHR1,London Heathrow Data Centre,london,,"Staines Road, Westgate Estate, Unit 4 - Feltham, UK TW14 8RS",26000,3.6,7,https://www.databank.com/data-centers/london/feltham/,https://www.databank.com/data-centers/london/,2026-09-18T08:18:33.551421Z,138.46153846153845
MCI2,Pine Ridge Data Center,kansas-city,,"10605 W. 84th Terrace - Overland Park, KS 66214",11510,2.0,15,https://www.databank.com/data-centers/kansas-city/pine-ridge/,https://www.databank.com/data-centers/kansas-city/,2026-09-18T08:18:32.443499Z,173.7619461337967
MCI3,South Lake Campus Data Center,kansas-city,South Lake Campus,"11200 Lakeview Ave - Lenexa, KS 66219",69762,12.75,15,https://www.databank.com/data-centers/kansas-city/south-lake-campus/south-lake/,https://www.databank.com/data-centers/kansas-city/,2026-09-18T08:18:30.696543Z,182.76425561193773
MEM1,Memphis Data Center,memphis,,"7620 Appling Center Drive - Memphis, TN 38133",7090,0.45,13,https://www.databank.com/data-centers/memphis/7620-appling-center-drive/,https://www.databank.com/data-centers/memphis/,2026-09-18T08:18:37.644120Z,63.469675599435824
MIA1,Downtown Miami Data Center,miami,,"36 Northeast 2nd Street Suite #700 - Miami, FL 33132",11030,1.6,28,https://www.databank.com/data-centers/miami/36-northeast-2nd-street/,https://www.databank.com/data-centers/miami/,2026-09-18T08:18:38.490449Z,145.05893019038984
MSP1,West Twin Cities Data Center,minneapolis,,"7700 France Ave S - Edina, MN 55435",26240,1.35,21,https://www.databank.com/data-centers/minneapolis/edina/,https://www.databank.com/data-centers/minneapolis/,2026-09-18T08:18:40.396616Z,51.448170731707314
MSP2,East Twin Cities Data Center,minneapolis,,"3255 Neil Armstrong Blvd - Eagan, MN 55121",48860,5.0,21,https://www.databank.com/data-centers/minneapolis/eagan/,https://www.databank.com/data-centers/minneapolis/,2026-09-18T08:18:41.585355Z,102.33319688907082
MSP3,Brooklyn Park Data Center,minneapolis,Brooklyn Park Campus,"8111 Oxbow Creek N - Brooklyn Park, MN 55445",82231,9.0,21,https://www.databank.com/data-centers/minneapolis/brooklyn-park-campus/brooklyn-park/,https://www.databank.com/data-centers/minneapolis/,2026-09-18T08:18:39.556560Z,109.44777516994807
MSP4,Downtown Minneapolis Data Center,minneapolis,,"511 11th Avenue S - Minneapolis, MN 55145",8170,0.779,21,https://www.databank.com/data-centers/minneapolis/511-11th-avenue/,https://www.databank.com/data-centers/minneapolis/,2026-09-18T08:18:42.900403Z,95.34883720930233
ORD1,Downtown Chicago Loop Data Center,chicago,,"600 South Federal Street Suites 150 & 142 - Chicago, IL 60605",10130,1.0,17,https://www.databank.com/data-centers/chicago/600-south-federal-street/,https://www.databank.com/data-centers/chicago/,2026-09-18T08:17:58.169204Z,98.71668311944718
ORD2,Downtown Chicago Metro Data Center,chicago,,"840 S. Canal Street - Chicago, IL 60607",11470,2.0,11,https://www.databank.com/data-centers/chicago/840-canal-street/,https://www.databank.com/data-centers/chicago/,2026-09-18T08:17:59.169663Z,174.36791630340016
ORD3,Mount Prospect Data Center,chicago,,"800 E. Business Center Drive - Mount Prospect, IL 60056",28950,2.7,8,https://www.databank.com/data-centers/chicago/mount-prospect/,https://www.databank.com/data-centers/chicago/,2026-09-18T08:18:00.175663Z,93.26424870466322
ORD4,Chicago Tri-State Data Center,chicago,,"1808 Swift Drive Suite B & C - Oak Brook, IL 60523",77510,8.75,14,https://www.databank.com/data-centers/chicago/oak-brook/,https://www.databank.com/data-centers/chicago/,2026-09-18T08:18:01.177859Z,112.88865952780286
PHL1,Downtown Philadelphia Data Center,philadelphia,,"401 North Broad Street Suite #240 - Philadelphia, PA 19108",7760,0.34,22,https://www.databank.com/data-centers/philadelphia/401-north-broad-street/,https://www.databank.com/data-centers/philadelphia/,2026-09-18T08:18:56.177578Z,43.81443298969072
PIT1,Downtown Pittsburgh Data Center,pittsburgh,,"100 S Commons #126 - Pittsburgh, PA 15212",30760,1.9,29,https://www.databank.com/data-centers/pittsburgh/100-south-commons/,https://www.databank.com/data-centers/pittsburgh/,2026-09-18T08:18:58.172740Z,61.76853055916775
PIT2,Summit Park Data Center,pittsburgh,Summit Park Campus,"35 Summit Park Dr - Pittsburgh, PA 15275",47100,5.0,29,https://www.databank.com/data-centers/pittsburgh/summit-park-campus/summit-park/,https://www.databank.com/data-centers/pittsburgh/,2026-09-18T08:18:57.306653Z,106.15711252653928
SAN1,San Diego World Trade Data Center,san-diego,,"12270 World Trade Drive Suite #100 - San Diego, CA 92128",55239,7.2,15,https://www.databank.com/data-centers/san-diego/12270-world-trade-drive/,https://www.databank.com/data-centers/san-diego/,2026-09-18T08:19:06.277398Z,130.3426926627926
SEA1,Downtown Seattle Data Center,seattle,,"2001 6th Ave 12th Floor Suite #12500 - Seattle, WA 98109",4050,0.21,26,https://www.databank.com/data-centers/seattle/2001-6th-avenue/,https://www.databank.com/data-centers/seattle/,2026-09-18T08:19:07.866844Z,51.851851851851855
SEA2,SeaTac Data Center,seattle,,"3311 South 120th Place Suite #120 - Tukwila, WA 98168",28240,3.0,17,https://www.databank.com/data-centers/seattle/seatac/,https://www.databank.com/data-centers/seattle/,2026-09-18T08:19:08.692555Z,106.23229461756374
SFO1,Silicon Valley Data Center,silicon-valley,,"5101 Lafayette Street - Santa Clara, CA 95054",16680,3.0,4,https://www.databank.com/data-centers/silicon-valley/santa-clara/,https://www.databank.com/data-centers/silicon-valley/,2026-09-18T08:19:09.787125Z,179.85611510791367
SLC1,Downtown Salt Lake City Data Center,salt-lake-city,,"179 E Social Hall Ave Suite #200 - Salt Lake City, UT 84111",10610,0.5,38,https://www.databank.com/data-centers/salt-lake-city/179-e-social-hall-avenue/,https://www.databank.com/data-centers/salt-lake-city/,2026-09-18T08:19:05.302857Z,47.1253534401508
SLC2,Granite Point Data Center,salt-lake-city,Granite Point Campus,"14944 S Pony Express Rd - Bluffdale, UT 84065",43820,3.25,38,https://www.databank.com/data-centers/salt-lake-city/granite-point-campus/14944-s-pony-express-road/,https://www.databank.com/data-centers/salt-lake-city/,2026-09-18T08:18:59.311793Z,74.16704701049748
SLC3,Granite Point Data Center,salt-lake-city,Granite Point Campus,"14926 S Pony Express Rd - Bluffdale, UT 84065",55780,7.0,38,https://www.databank.com/data-centers/salt-lake-city/granite-point-campus/14926-s-pony-express-road/,https://www.databank.com/data-centers/salt-lake-city/,2026-09-18T08:19:00.285341Z,125.4930082466834
SLC4,Granite Point Data Center,salt-lake-city,Granite Point Campus,"14860 S Pony Express Rd - Bluffdale, UT 84065",20740,3.67,38,https://www.databank.com/data-centers/salt-lake-city/granite-point-campus/14860-s-pony-express-road/,https://www.databank.com/data-centers/salt-lake-city/,2026-09-18T08:19:01.334739Z,176.95274831243972
SLC5,Granite Point Data Center,salt-lake-city,Granite Point Campus,"14850 S Pony Express Rd - Bluffdale, UT 84065",49180,10.0,38,https://www.databank.com/data-centers/salt-lake-city/granite-point-campus/14870-s-pony-express-road/,https://www.databank.com/data-centers/salt-lake-city/,2026-09-18T08:19:03.333298Z,203.334688897926
SLC6,Granite Point Data Center,salt-lake-city,Granite Point Campus,"14870 S Pony Express Road - Bluffdale, UT 84065",88250,22.0,38,https://www.databank.com/data-centers/salt-lake-city/granite-point-campus/slc6/,https://www.databank.com/data-centers/salt-lake-city/,2026-09-18T08:19:04.227740Z,249.29178470254956
SNA1,Irvine Data Center,irvine,,"17222 Von Karman Avenue - Irvine, CA 92614",36720,2.64,16,https://www.databank.com/data-centers/irvine/17222-von-karman-avenue/,https://www.databank.com/data-centers/irvine/,2026-09-18T08:18:28.590764Z,71.89542483660131
SNA2,Irvine Data Center,irvine,,"17400 Von Karman Avenue - Irvine, CA 92614",53150,8.0,16,https://www.databank.com/data-centers/irvine/17400-von-karman-avenue/,https://www.databank.com/data-centers/irvine/,2026-09-18T08:18:29.741259Z,150.51740357478835
